USE tango;

INSERT INTO `device`
VALUES ('Biomax/door/01',NULL,'Biomax','door','01',1,'IOR:010000001700000049444c3a54616e676f2f4465766963655f363a312e3000000100000000000000ac000000010102000b0000003137322e31382e302e39000057c700000e000000fe118b936700000064000000000d00000300000000000000080000000100000000545441010000001c000000010000000100010001000000010001050901010001000000090101000254544140000000010000000d00000064623161666364393139343500000000240000002f746d702f6f6d6e692d726f6f742f3030303030303130302d3137333737323236343100','db1afcd91945','Sardana/biomax',100,'Door','6','2025-01-24 12:44:45',NULL,NULL),
       ('dserver/Sardana/biomax',NULL,'dserver','Sardana','biomax',1,'IOR:010000001700000049444c3a54616e676f2f4465766963655f363a312e3000000100000000000000ac000000010102000b0000003137322e31382e302e39000057c700000e000000fe118b936700000064000000000600000300000000000000080000000100000000545441010000001c000000010000000100010001000000010001050901010001000000090101000254544140000000010000000d00000064623161666364393139343500000000240000002f746d702f6f6d6e692d726f6f742f3030303030303130302d3137333737323236343100','db1afcd91945','Sardana/biomax',100,'DServer','6','2025-01-24 12:44:05',NULL,NULL),
       ('MacroServer/biomax/1','MS_biomax_1','MacroServer','biomax','1',1,'IOR:010000001700000049444c3a54616e676f2f4465766963655f363a312e3000000100000000000000ac000000010102000b0000003137322e31382e302e39000057c700000e000000fe118b936700000064000000000c00000300000000000000080000000100000000545441010000001c000000010000000100010001000000010001050901010001000000090101000254544140000000010000000d00000064623161666364393139343500000000240000002f746d702f6f6d6e692d726f6f742f3030303030303130302d3137333737323236343100','db1afcd91945','Sardana/biomax',100,'MacroServer','6','2025-01-24 12:44:45',NULL,NULL),
       ('pool/biomax/1','Pool_biomax_1','pool','biomax','1',1,'IOR:010000001700000049444c3a54616e676f2f4465766963655f363a312e3000000100000000000000ac000000010102000b0000003137322e31382e302e39000057c700000e000000fe118b936700000064000000000700000300000000000000080000000100000000545441010000001c000000010000000100010001000000010001050901010001000000090101000254544140000000010000000d00000064623161666364393139343500000000240000002f746d702f6f6d6e692d726f6f742f3030303030303130302d3137333737323236343100','db1afcd91945','Sardana/biomax',100,'Pool','6','2025-01-24 12:44:42',NULL,NULL),
       ('controller/fauxmotorcontroller/faux_ctrl','faux_ctrl','controller','fauxmotorcontroller','faux_ctrl',1,'IOR:010000001700000049444c3a54616e676f2f4465766963655f363a312e3000000100000000000000ac000000010102000b0000003137322e31392e302e390000af8000000e000000fea8d3906700000017000000000400000300000000000000080000000100000000545441010000001c000000010000000100010001000000010001050901010001000000090101000254544140000000010000000d00000039306231636633356638386400000000240000002f746d702f6f6d6e692d726f6f742f3030303030303032332d3137333735343436313600','90b1cf35f88d','Sardana/biomax',23,'Controller','6','2025-01-22 11:17:58',NULL,NULL),
       ('motor/faux_ctrl/1','tab2_z','motor','faux_ctrl','1',1,'IOR:010000001700000049444c3a54616e676f2f4465766963655f363a312e3000000100000000000000ac000000010102000b0000003137322e31392e302e390000af8000000e000000fea8d3906700000017000000000500000300000000000000080000000100000000545441010000001c000000010000000100010001000000010001050901010001000000090101000254544140000000010000000d00000039306231636633356638386400000000240000002f746d702f6f6d6e692d726f6f742f3030303030303032332d3137333735343436313600','90b1cf35f88d','Sardana/biomax',23,'Motor','6','2025-01-22 11:18:07',NULL,NULL),
       ('b311a-e/dia/det-03',NULL,'b311a-e','dia','det-03',1,'IOR:010000001700000049444c3a54616e676f2f4465766963655f363a312e3000000100000000000000ac000000010102000b0000003137322e31392e302e39000065b600000e000000fe93df916700000056000000000000000300000000000000080000000100000000545441010000001c000000010000000100010001000000010001050901010001000000090101000254544140000000010000000d00000034633964303231313338383600000000240000002f746d702f6f6d6e692d726f6f742f3030303030303038362d3137333736313332303300','4c9d02113886','Eiger/Biomax',86,'Eiger','6','2025-01-23 06:20:03',NULL,NULL),
       ('dserver/Eiger/Biomax',NULL,'dserver','Eiger','Biomax',1,'IOR:010000001700000049444c3a54616e676f2f4465766963655f363a312e3000000100000000000000ac000000010102000b0000003137322e31392e302e39000065b600000e000000fe93df916700000056000000000100000300000000000000080000000100000000545441010000001c000000010000000100010001000000010001050901010001000000090101000254544140000000010000000d00000034633964303231313338383600000000240000002f746d702f6f6d6e692d726f6f742f3030303030303038362d3137333736313332303300','4c9d02113886','Eiger/Biomax',86,'DServer','6','2025-01-23 06:20:03',NULL,NULL),
       ('motor/faux_ctrl/2','transmission','motor','faux_ctrl','2',1,'IOR:010000001700000049444c3a54616e676f2f4465766963655f363a312e3000000100000000000000ac000000010102000b0000003137322e31392e302e39000035ce00000e000000fe44e4916700000019000000000600000300000000000000080000000100000000545441010000001c000000010000000100010001000000010001050901010001000000090101000254544140000000010000000d00000032306337383837626164626600000000240000002f746d702f6f6d6e692d726f6f742f3030303030303032352d3137333736313434303400','20c7887badbf','Sardana/biomax',25,'Motor','6','2025-01-23 06:41:54',NULL,NULL),
       ('motor/faux_ctrl/3','energy','motor','faux_ctrl','3',1,'IOR:010000001700000049444c3a54616e676f2f4465766963655f363a312e3000000100000000000000ac000000010102000b0000003137322e31392e302e390000a1a800000e000000fedfee916700000018000000000700000300000000000000080000000100000000545441010000001c000000010000000100010001000000010001050901010001000000090101000254544140000000010000000d00000062303465373031333638626500000000240000002f746d702f6f6d6e692d726f6f742f3030303030303032342d3137333736313731313900','b04e701368be','Sardana/biomax',24,'Motor','6','2025-01-23 07:26:58',NULL,NULL),
       ('b311a/xbpm/02',NULL,'b311a','xbpm','02',0,'nada','nada','BeamlineXbpm/em-02',0,'BeamlineXbpm','0',NULL,NULL,NULL),
       ('dserver/BeamlineXbpm/em-02',NULL,'dserver','BeamlineXbpm','em-02',0,'nada','nada','BeamlineXbpm/em-02',0,'DServer','0',NULL,NULL,NULL),
       ('b311a-o/pss/bs-01',NULL,'b311a-o','pss','bs-01',1,'IOR:010000001700000049444c3a54616e676f2f4465766963655f363a312e3000000100000000000000ac000000010102000b0000003137322e31382e302e390000f7b800000e000000feb8b59367000001c5000000000000000300000000000000080000000100000000545441010000001c000000010000000100010001000000010001050901010001000000090101000254544140000000010000000d00000038363662353535386261656400000000240000002f746d702f6f6d6e692d726f6f742f3030303030303435332d3137333737333335363000','866b5558baed','BeamShutter/B311A-PSS',453,'BeamShutter','6','2025-01-24 15:46:00',NULL,NULL),
       ('dserver/BeamShutter/B311A-PSS',NULL,'dserver','BeamShutter','B311A-PSS',1,'IOR:010000001700000049444c3a54616e676f2f4465766963655f363a312e3000000100000000000000ac000000010102000b0000003137322e31382e302e390000f7b800000e000000feb8b59367000001c5000000000100000300000000000000080000000100000000545441010000001c000000010000000100010001000000010001050901010001000000090101000254544140000000010000000d00000038363662353535386261656400000000240000002f746d702f6f6d6e692d726f6f742f3030303030303435332d3137333737333335363000','866b5558baed','BeamShutter/B311A-PSS',453,'DServer','6','2025-01-24 15:46:00',NULL,NULL),
       ('b311a-e/ctl/isara-01',NULL,'b311a-e','ctl','isara-01',1,'IOR:010000001700000049444c3a54616e676f2f4465766963655f363a312e3000000100000000000000ac000000010102000c0000003137322e31382e302e313000b9cc00000e000000fe6950976700000088000000000000000300000000000000080000000100000000545441010000001c000000010000000100010001000000010001050901010001000000090101000254544140000000010000000d00000036376638666663613733633500000000240000002f746d702f6f6d6e692d726f6f742f3030303030303133362d3137333739363937363900','67f8ffca73c5','Isara/B311A',136,'Isara','6','2025-01-27 09:22:49',NULL,NULL),
       ('dserver/Isara/B311A',NULL,'dserver','Isara','B311A',1,'IOR:010000001700000049444c3a54616e676f2f4465766963655f363a312e3000000100000000000000ac000000010102000c0000003137322e31382e302e313000b9cc00000e000000fe6950976700000088000000000100000300000000000000080000000100000000545441010000001c000000010000000100010001000000010001050901010001000000090101000254544140000000010000000d00000036376638666663613733633500000000240000002f746d702f6f6d6e692d726f6f742f3030303030303133362d3137333739363937363900','67f8ffca73c5','Isara/B311A',136,'DServer','6','2025-01-27 09:22:49',NULL,NULL),
       ('motor/faux_ctrl/4','beam_size_hor','motor','faux_ctrl','4',1,'IOR:010000001700000049444c3a54616e676f2f4465766963655f363a312e3000000100000000000000ac000000010102000c0000003137322e31382e302e313000b7a600000e000000fed5839b670000001b000000000800000300000000000000080000000100000000545441010000001c000000010000000100010001000000010001050901010001000000090101000254544140000000010000000d00000065636137613061633932393600000000240000002f746d702f6f6d6e692d726f6f742f3030303030303032372d3137333832343530373700','eca7a0ac9296','Sardana/biomax',27,'Motor','6','2025-01-30 13:53:44',NULL,NULL),
       ('motor/faux_ctrl/5','beam_size_ver','motor','faux_ctrl','5',1,'IOR:010000001700000049444c3a54616e676f2f4465766963655f363a312e3000000100000000000000ac000000010102000c0000003137322e31382e302e313000b7a600000e000000fed5839b670000001b000000000900000300000000000000080000000100000000545441010000001c000000010000000100010001000000010001050901010001000000090101000254544140000000010000000d00000065636137613061633932393600000000240000002f746d702f6f6d6e692d726f6f742f3030303030303032372d3137333832343530373700','eca7a0ac9296','Sardana/biomax',27,'Motor','6','2025-01-30 13:53:55',NULL,NULL),
       ('b311a-e/ctl/mlid-01',NULL,'b311a-e','ctl','mlid-01',1,'IOR:010000001700000049444c3a54616e676f2f4465766963655f363a312e3000000100000000000000ac000000010102000c0000003137322e31392e302e313100dbd100000e000000feccac9c670000008b000000000000000300000000000000080000000100000000545441010000001c000000010000000100010001000000010001050901010001000000090101000254544140000000010000000d00000031626661633763646337646600000000240000002f746d702f6f6d6e692d726f6f742f3030303030303133392d3137333833323131303000','1bfac7cdc7df','MovableLid/B311A-CTL',139,'MovableLid','6','2025-01-31 10:58:20',NULL,NULL),
       ('dserver/MovableLid/B311A-CTL',NULL,'dserver','MovableLid','B311A-CTL',1,'IOR:010000001700000049444c3a54616e676f2f4465766963655f363a312e3000000100000000000000ac000000010102000c0000003137322e31392e302e313100dbd100000e000000feccac9c670000008b000000000100000300000000000000080000000100000000545441010000001c000000010000000100010001000000010001050901010001000000090101000254544140000000010000000d00000031626661633763646337646600000000240000002f746d702f6f6d6e692d726f6f742f3030303030303133392d3137333833323131303000','1bfac7cdc7df','MovableLid/B311A-CTL',139,'DServer','6','2025-01-31 10:58:20',NULL,NULL);



INSERT INTO `property_attribute_device`
VALUES ('motor/faux_ctrl/1','StartPosition','__value',1,'550','2025-01-22 11:18:21','2025-01-22 11:18:21',NULL),
       ('motor/faux_ctrl/2','StartPosition','__value',1,'10.036','2025-01-23 06:43:09','2025-01-23 06:43:09',NULL),
       ('motor/faux_ctrl/3','StartPosition','__value',1,'17000.003','2025-01-23 07:28:11','2025-01-23 07:27:56',NULL),
       ('motor/faux_ctrl/4','StartPosition','__value',1,'50.0','2025-01-30 13:55:40','2025-01-30 13:55:32',NULL),
       ('motor/faux_ctrl/5','StartPosition','__value',1,'50.0','2025-01-30 13:56:02','2025-01-30 13:55:58',NULL);


INSERT INTO `property_device`
VALUES ('MacroServer/biomax/1','PoolNames','','','',1,'Pool_biomax_1','2025-01-22 10:15:13','2025-01-22 10:15:13',NULL),
       ('pool/biomax/1','PoolPath','','','',1,'/sardana_ctrls','2025-01-22 11:00:48','2025-01-22 11:00:48',NULL),
       ('MacroServer/biomax/1','MacroPath','','','',1,'/sardana_macro','2025-06-30 14:45:50','2025-06-30 14:45:50',NULL),
       ('controller/fauxmotorcontroller/faux_ctrl','type','','','',1,'Motor','2025-01-22 11:17:58','2025-01-22 11:17:58',NULL),
       ('controller/fauxmotorcontroller/faux_ctrl','library','','','',1,'faux.py','2025-01-22 11:17:58','2025-01-22 11:17:58',NULL),
       ('controller/fauxmotorcontroller/faux_ctrl','klass','','','',1,'FauxMotorController','2025-01-22 11:17:58','2025-01-22 11:17:58',NULL),
       ('motor/faux_ctrl/1','ctrl_id','','','',1,'faux_ctrl','2025-01-22 11:18:07','2025-01-22 11:18:07',NULL),
       ('motor/faux_ctrl/1','axis','','','',1,'1','2025-01-22 11:18:07','2025-01-22 11:18:07',NULL),
       ('motor/faux_ctrl/2','ctrl_id','','','',1,'faux_ctrl','2025-01-23 06:41:54','2025-01-23 06:41:54',NULL),
       ('motor/faux_ctrl/2','axis','','','',1,'2','2025-01-23 06:41:54','2025-01-23 06:41:54',NULL),
       ('motor/faux_ctrl/3','ctrl_id','','','',1,'faux_ctrl','2025-01-23 07:26:58','2025-01-23 07:26:58',NULL),
       ('motor/faux_ctrl/3','axis','','','',1,'3','2025-01-23 07:26:58','2025-01-23 07:26:58',NULL),
       ('b311a-e/ctl/isara-01','host','','','',1,'b311a-a101132-cab09-ctl-rbsccu-01','2025-01-27 09:20:21','2025-01-27 09:20:21',NULL),
       ('b311a-e/ctl/isara-01','soak_pose_rx','','','',1,'130.58073','2025-01-27 09:22:47','2025-01-27 09:22:47',NULL),
       ('b311a-e/ctl/isara-01','soak_pose_ry','','','',1,'-8.829256','2025-01-27 09:22:47','2025-01-27 09:22:47',NULL),
       ('b311a-e/ctl/isara-01','soak_pose_rz','','','',1,'6.997625','2025-01-27 09:22:47','2025-01-27 09:22:47',NULL),
       ('b311a-e/ctl/isara-01','soak_pose_x','','','',1,'421.03165','2025-01-27 09:22:47','2025-01-27 09:22:47',NULL),
       ('b311a-e/ctl/isara-01','soak_pose_y','','','',1,'450.79327','2025-01-27 09:22:47','2025-01-27 09:22:47',NULL),
       ('b311a-e/ctl/isara-01','soak_pose_z','','','',1,'-253.23589','2025-01-27 09:22:47','2025-01-27 09:22:47',NULL),
       ('motor/faux_ctrl/4','ctrl_id','','','',1,'faux_ctrl','2025-01-30 13:53:44','2025-01-30 13:53:44',NULL),
       ('motor/faux_ctrl/4','axis','','','',1,'4','2025-01-30 13:53:44','2025-01-30 13:53:44',NULL),
       ('motor/faux_ctrl/5','ctrl_id','','','',1,'faux_ctrl','2025-01-30 13:53:55','2025-01-30 13:53:55',NULL),
       ('motor/faux_ctrl/5','axis','','','',1,'5','2025-01-30 13:53:55','2025-01-30 13:53:55',NULL);
