USE tango;


INSERT INTO `device`
VALUES ('Micromax/Door/01','Door_Micromax','Micromax','Door','01',0,'nada','nada','Sardana/micromax',0,'Door','0','2023-06-29 09:05:13',NULL,NULL),
       ('dserver/Sardana/micromax',NULL,'dserver','Sardana','micromax',0,'nada','nada','Sardana/micromax',0,'DServer','0',NULL,NULL,NULL),
       ('MacroServer/micromax/1','MS_micromax_1','MacroServer','micromax','1',0,'nada','nada','Sardana/micromax',0,'MacroServer','0','2023-06-29 09:05:13',NULL,NULL),
       ('pool/micromax/1','Pool_micromax_1','pool','micromax','1',0,'nada','nada','Sardana/micromax',0,'Pool','0','2023-06-29 09:05:13',NULL,NULL),
       ('tango/admin/aff41398c13a',NULL,'tango','admin','aff41398c13a',0,'nada','nada','Starter/aff41398c13a',0,'Starter','0',NULL,NULL,NULL),
       ('dserver/Starter/aff41398c13a',NULL,'dserver','Starter','aff41398c13a',0,'nada','nada','Starter/aff41398c13a',0,'DServer','0',NULL,NULL,NULL),
       ('B312a-EH/DIA/DET-01',NULL,'B312a-EH','DIA','DET-01',0,'nada','nada','Eiger/Micromax',0,'Eiger','0',NULL,NULL,NULL),
       ('dserver/Eiger/Micromax',NULL,'dserver','Eiger','Micromax',0,'nada','nada','Eiger/Micromax',0,'DServer','0',NULL,NULL,NULL),
       ('controller/fauxmotorcontroller/faux_ctrl','faux_ctrl','controller','fauxmotorcontroller','faux_ctrl',1,'IOR:010000001700000049444c3a54616e676f2f4465766963655f353a312e3000000100000000000000ac000000010102000c0000003137322e32312e302e313000cbd000000e000000fe66a4cb6400000019000000000600000300000000000000080000000100000000545441010000001c000000010000000100010001000000010001050901010001000000090101000254544140000000010000000d00000062613032386562373033313800000000240000002f746d702f6f6d6e692d726f6f742f3030303030303032352d3136393130363734393400','ba028eb70318','Sardana/micromax',25,'Controller','5','2023-08-03 12:59:33',NULL,NULL),
       ('motor/faux_ctrl/1','mono_energy','motor','faux_ctrl','1',1,'IOR:010000001700000049444c3a54616e676f2f4465766963655f353a312e3000000100000000000000ac000000010102000c0000003137322e32312e302e313000cbd000000e000000fe66a4cb6400000019000000000700000300000000000000080000000100000000545441010000001c000000010000000100010001000000010001050901010001000000090101000254544140000000010000000d00000062613032386562373033313800000000240000002f746d702f6f6d6e692d726f6f742f3030303030303032352d3136393130363734393400','ba028eb70318','Sardana/micromax',25,'Motor','5','2023-08-03 12:59:49',NULL,NULL),
       ('b312a-o07/pss/bs-01',NULL,'b312a-o07','PSS','BS-01',0,'nada','nada','BeamShutter/B312A-PSS',0,'BeamShutter','0',NULL,NULL,NULL),
       ('dserver/BeamShutter/B312A-PSS',NULL,'dserver','BeamShutter','B312A-PSS',0,'nada','nada','BeamShutter/B312A-PSS',0,'DServer','0',NULL,NULL,NULL),
       ('b312-e/ctl/sm-01',NULL,'b312-e','ctl','sm-01',0,'nada','nada','Isara/B312',0,'Isara','0',NULL,NULL,NULL),
       ('dserver/Isara/B312',NULL,'dserver','Isara','B312',0,'nada','nada','Isara/B312',0,'DServer','0',NULL,NULL,NULL),
       ('b312a/vac/plc-01',NULL,'b312a','vac','plc-01',0,'nada','nada','VacPlc01/0',0,'VacPlc01','0',NULL,NULL,NULL),
       ('dserver/VacPlc01/0',NULL,'dserver','VacPlc01','0',0,'nada','nada','VacPlc01/0',0,'DServer','0',NULL,NULL,NULL),
       ('b312a-eh/dia/det-02',NULL,'b312a-eh','dia','det-02',0,'nada','nada','Jungfrau/Micromax',0,'Jungfrau','0',NULL,NULL,NULL),
       ('dserver/Jungfrau/Micromax',NULL,'dserver','Jungfrau','Micromax',0,'nada','nada','Jungfrau/Micromax',0,'DServer','0',NULL,NULL,NULL),
       ('b312a/ctl/sdm-01',NULL,'b312a','ctl','sdm-01',0,'nada','nada','PathFixer/B312A',0,'PathFixer','0',NULL,NULL,NULL),
       ('dserver/PathFixer/B312A',NULL,'dserver','PathFixer','B312A',0,'nada','nada','PathFixer/B312A',0,'DServer','0',NULL,NULL,NULL),
       ('B312A-A101232-CAB01/CTL/PANDA-01',NULL,'B312A-A101232-CAB01','CTL','PANDA-01',1,'IOR:010000001700000049444c3a54616e676f2f4465766963655f353a312e3000000100000000000000ac000000010102000c0000003137322e31382e302e3132007bd400000e000000feea863466000000b9000000000000000300000000000000080000000100000000545441010000001c000000010000000100010001000000010001050901010001000000090101000254544140000000010000000d00000030313238366363616534633200000000240000002f746d702f6f6d6e692d726f6f742f3030303030303138352d3137313437313834343200','01286ccae4c2','MicroMAXPanda/B312A',185,'MicroMAXPanda','5','2024-05-03 06:40:42',NULL,NULL),
       ('dserver/MicroMAXPanda/B312A',NULL,'dserver','MicroMAXPanda','B312A',1,'IOR:010000001700000049444c3a54616e676f2f4465766963655f353a312e3000000100000000000000ac000000010102000c0000003137322e31382e302e3132007bd400000e000000feea863466000000b9000000000100000300000000000000080000000100000000545441010000001c000000010000000100010001000000010001050901010001000000090101000254544140000000010000000d00000030313238366363616534633200000000240000002f746d702f6f6d6e692d726f6f742f3030303030303138352d3137313437313834343200','01286ccae4c2','MicroMAXPanda/B312A',185,'DServer','5','2024-05-03 06:40:42',NULL,NULL),
       ('b312a-eh/dia/detc-01',NULL,'b312a-eh','dia','detc-01',1,'IOR:010000001700000049444c3a54616e676f2f4465766963655f353a312e3000000100000000000000ac000000010102000c0000003137322e31382e302e313200c39600000e000000fe40ff3966000000c9000000000000000300000000000000080000000100000000545441010000001c000000010000000100010001000000010001050901010001000000090101000254544140000000010000000d00000061306337303138643465323200000000240000002f746d702f6f6d6e692d726f6f742f3030303030303230312d3137313530373639323800','a0c7018d4e22','MXDetectorCover/Eiger',201,'MXDetectorCover','5','2024-05-07 10:15:28',NULL,NULL),
       ('dserver/MXDetectorCover/Eiger',NULL,'dserver','MXDetectorCover','Eiger',1,'IOR:010000001700000049444c3a54616e676f2f4465766963655f353a312e3000000100000000000000ac000000010102000c0000003137322e31382e302e313200c39600000e000000fe40ff3966000000c9000000000100000300000000000000080000000100000000545441010000001c000000010000000100010001000000010001050901010001000000090101000254544140000000010000000d00000061306337303138643465323200000000240000002f746d702f6f6d6e692d726f6f742f3030303030303230312d3137313530373639323800','a0c7018d4e22','MXDetectorCover/Eiger',201,'DServer','5','2024-05-07 10:15:28',NULL,NULL),
       ('b312a-eh/dia/detc-02',NULL,'b312a-eh','dia','detc-02',1,'IOR:010000001700000049444c3a54616e676f2f4465766963655f353a312e3000000100000000000000ac000000010102000c0000003137322e31382e302e31320073a700000e000000feb7023a66000000c1000000000000000300000000000000080000000100000000545441010000001c000000010000000100010001000000010001050901010001000000090101000254544140000000010000000d00000064663561666137386265323500000000240000002f746d702f6f6d6e692d726f6f742f3030303030303139332d3137313530373738313500','df5afa78be25','MXDetectorCover/Jungfrau',193,'MXDetectorCover','5','2024-05-07 10:30:15',NULL,NULL),
       ('dserver/MXDetectorCover/Jungfrau',NULL,'dserver','MXDetectorCover','Jungfrau',1,'IOR:010000001700000049444c3a54616e676f2f4465766963655f353a312e3000000100000000000000ac000000010102000c0000003137322e31382e302e31320073a700000e000000feb7023a66000000c1000000000100000300000000000000080000000100000000545441010000001c000000010000000100010001000000010001050901010001000000090101000254544140000000010000000d00000064663561666137386265323500000000240000002f746d702f6f6d6e692d726f6f742f3030303030303139332d3137313530373738313500','df5afa78be25','MXDetectorCover/Jungfrau',193,'DServer','5','2024-05-07 10:30:15',NULL,NULL),
       ('b312a-e06/dia/tabled-01-zi','tabd_zi','b312a-e06','dia','tabled-01-zi',1,'IOR:010000001700000049444c3a54616e676f2f4465766963655f353a312e3000000100000000000000ac000000010102000c0000003137322e31382e302e31320025c400000e000000fe45e65566000000e0000000000200000300000000000000080000000100000000545441010000001c000000010000000100010001000000010001050901010001000000090101000254544140000000010000000d00000064353032663939346562393100000000240000002f746d702f6f6d6e692d726f6f742f3030303030303232342d3137313639303535343100','d502f994eb91','Sardana/micromax',224,'Motor','5','2024-05-28 14:12:58',NULL,NULL),
       ('b312a-e06/dia/tabled-01-zo','tabd_zo','b312a-e06','dia','tabled-01-zo',1,'IOR:010000001700000049444c3a54616e676f2f4465766963655f353a312e3000000100000000000000ac000000010102000c0000003137322e31382e302e31320025c400000e000000fe45e65566000000e0000000000300000300000000000000080000000100000000545441010000001c000000010000000100010001000000010001050901010001000000090101000254544140000000010000000d00000064353032663939346562393100000000240000002f746d702f6f6d6e692d726f6f742f3030303030303232342d3137313639303535343100','d502f994eb91','Sardana/micromax',224,'Motor','5','2024-05-28 14:13:07',NULL,NULL),
       ('expchan/albaem_ctrl_02/2',NULL,'expchan','albaem_ctrl_02','2',0,'nada','nada','AlbaEm/022',0,'AlbaEM','0',NULL,NULL,NULL),
       ('dserver/AlbaEm/022',NULL,'dserver','AlbaEm','022',0,'nada','nada','AlbaEm/022',0,'DServer','0',NULL,NULL,NULL),
       ('expchan/albaem_ctrl_02/3',NULL,'expchan','albaem_ctrl_02','3',0,'nada','nada','AlbaEm/023',0,'AlbaEM','0',NULL,NULL,NULL),
       ('dserver/AlbaEm/023',NULL,'dserver','AlbaEm','023',0,'nada','nada','AlbaEm/023',0,'DServer','0',NULL,NULL,NULL),
       ('expchan/albaem_ctrl_02/4',NULL,'expchan','albaem_ctrl_02','4',0,'nada','nada','AlbaEm/024',0,'AlbaEM','0',NULL,NULL,NULL),
       ('dserver/AlbaEm/024',NULL,'dserver','AlbaEm','024',0,'nada','nada','AlbaEm/024',0,'DServer','0',NULL,NULL,NULL),
       ('expchan/albaem_ctrl_02/5',NULL,'expchan','albaem_ctrl_02','5',0,'nada','nada','AlbaEm/025',0,'AlbaEM','0',NULL,NULL,NULL),
       ('dserver/AlbaEm/025',NULL,'dserver','AlbaEm','025',0,'nada','nada','AlbaEm/025',0,'DServer','0',NULL,NULL,NULL),
       ('expchan/albaem_ctrl_04/3',NULL,'expchan','albaem_ctrl_04','3',0,'nada','nada','AlbaEm/043',0,'AlbaEM','0',NULL,NULL,NULL),
       ('dserver/AlbaEm/043',NULL,'dserver','AlbaEm','043',0,'nada','nada','AlbaEm/043',0,'DServer','0',NULL,NULL,NULL),
       ('expchan/albaem_ctrl_04/2',NULL,'expchan','albaem_ctrl_04','2',0,'nada','nada','AlbaEm/042',0,'AlbaEM','0',NULL,NULL,NULL),
       ('dserver/AlbaEm/042',NULL,'dserver','AlbaEm','042',0,'nada','nada','AlbaEm/042',0,'DServer','0',NULL,NULL,NULL),
       ('b312a-e11/las/lcu01',NULL,'b312a-e11','las','lcu01',0,'nada','nada','Ekspla/B312A',0,'Ekspla','0',NULL,NULL,NULL),
       ('dserver/Ekspla/B312A',NULL,'dserver','Ekspla','B312A',0,'nada','nada','Ekspla/B312A',0,'DServer','0',NULL,NULL,NULL),
       ('b312-e/ctl/tfw-01',NULL,'b312-e','ctl','tfw-01',0,'nada','nada','ThorlabsFilterWheel/B312A',0,'ThorlabsFilterWheel','0',NULL,NULL,NULL),
       ('dserver/ThorlabsFilterWheel/B312A',NULL,'dserver','ThorlabsFilterWheel','B312A',0,'nada','nada','ThorlabsFilterWheel/B312A',0,'DServer','0',NULL,NULL,NULL);



INSERT INTO `property_attribute_device`
VALUES ('motor/faux_ctrl/1','StartPosition','__value',1,'5277.64','2023-08-03 13:01:11','2023-08-03 13:01:11',NULL),
       ('motor/faux_ctrl/1','Position','min_value',1,'5000','2023-11-02 08:05:04','2023-11-02 08:05:04',NULL),
       ('motor/faux_ctrl/1','Position','max_value',1,'21000','2023-11-02 08:05:10','2023-11-02 08:05:10',NULL),
       ('b312a-eh/dia/det-02','summation','max_value',1,'256','2024-01-24 15:43:17','2024-01-24 15:43:17',NULL),
       ('motor/faux_ctrl/2','powerOn','__value',1,'false','2024-02-08 14:10:34','2024-02-08 14:10:34',NULL),
       ('b312a-e06/dia/tabled-01-zi','Position','max_value',1,'920','2024-05-28 14:09:38','2024-05-28 14:09:38',NULL),
       ('b312a-e06/dia/tabled-01-zi','Position','min_value',1,'185','2024-05-28 14:09:38','2024-05-28 14:09:38',NULL),
       ('b312a-e06/dia/tabled-01-zi','powerOn','__value',1,'false','2024-05-28 14:09:38','2024-05-28 14:09:38',NULL),
       ('b312a-e06/dia/tabled-01-zi','StartPosition','__value',1,'909.9','2024-05-28 14:09:38','2024-05-28 14:09:38',NULL),
       ('b312a-e06/dia/tabled-01-zo','Position','max_value',1,'788','2024-05-28 14:10:09','2024-05-28 14:10:09',NULL),
       ('b312a-e06/dia/tabled-01-zo','Position','min_value',1,'250','2024-05-28 14:10:09','2024-05-28 14:10:09',NULL),
       ('b312a-e06/dia/tabled-01-zo','StartPosition','__value',1,'275.88','2024-05-28 14:10:09','2024-05-28 14:10:09',NULL);



INSERT INTO `property_device`
VALUES ('MacroServer/micromax/1','PoolNames','','','',1,'Pool_micromax_1','2023-06-29 09:05:13','2023-06-29 09:05:13',NULL),
       ('tango/admin/aff41398c13a','polled_attr','','','',1,'hoststate','2023-06-29 09:05:13','2023-06-29 09:05:13',NULL),
       ('tango/admin/aff41398c13a','polled_attr','','','',2,'1000','2023-06-29 09:05:13','2023-06-29 09:05:13',NULL),
       ('tango/admin/aff41398c13a','polled_attr','','','',3,'runningservers','2023-06-29 09:05:13','2023-06-29 09:05:13',NULL),
       ('tango/admin/aff41398c13a','polled_attr','','','',4,'1000','2023-06-29 09:05:13','2023-06-29 09:05:13',NULL),
       ('tango/admin/aff41398c13a','polled_attr','','','',5,'stoppedservers','2023-06-29 09:05:13','2023-06-29 09:05:13',NULL),
       ('tango/admin/aff41398c13a','polled_attr','','','',6,'1000','2023-06-29 09:05:13','2023-06-29 09:05:13',NULL),
       ('tango/admin/aff41398c13a','polled_attr','','','',7,'servers','2023-06-29 09:05:13','2023-06-29 09:05:13',NULL),
       ('tango/admin/aff41398c13a','polled_attr','','','',8,'1000','2023-06-29 09:05:13','2023-06-29 09:05:13',NULL),
       ('tango/admin/aff41398c13a','polled_attr','','','',9,'state','2023-06-29 09:05:13','2023-06-29 09:05:13',NULL),
       ('tango/admin/aff41398c13a','polled_attr','','','',10,'1000','2023-06-29 09:05:13','2023-06-29 09:05:13',NULL),
       ('pool/micromax/1','PoolPath','','','',1,'/sardana_ctrls','2023-08-03 12:51:06','2023-08-03 12:51:06',NULL),
       ('controller/fauxmotorcontroller/faux_ctrl','type','','','',1,'Motor','2023-08-03 12:59:33','2023-08-03 12:59:33',NULL),
       ('controller/fauxmotorcontroller/faux_ctrl','library','','','',1,'faux.py','2023-08-03 12:59:33','2023-08-03 12:59:33',NULL),
       ('controller/fauxmotorcontroller/faux_ctrl','klass','','','',1,'FauxMotorController','2023-08-03 12:59:33','2023-08-03 12:59:33',NULL),
       ('controller/fauxmotorcontroller/faux_ctrl','id','','','',1,'3','2023-08-03 12:59:33','2023-08-03 12:59:33',NULL),
       ('motor/faux_ctrl/1','id','','','',1,'4','2023-08-03 12:59:49','2023-08-03 12:59:49',NULL),
       ('motor/faux_ctrl/1','ctrl_id','','','',1,'3','2023-08-03 12:59:49','2023-08-03 12:59:49',NULL),
       ('motor/faux_ctrl/1','axis','','','',1,'1','2023-08-03 12:59:49','2023-08-03 12:59:49',NULL),
       ('b312-e/ctl/sm-01','host','','','',1,'b-micromax-isara-0','2023-08-04 15:13:18','2023-08-04 15:13:18',NULL),
       ('b312a/ctl/sdm-01','Beamline','','','',1,'MicroMAX','2024-03-22 15:22:49','2024-03-22 15:22:49',NULL),
       ('B312A-A101232-CAB01/CTL/PANDA-01','host','','','',1,'pandabox','2024-05-03 06:40:39','2024-05-03 06:40:39',NULL),
       ('b312a-eh/dia/detc-01','FeedbackOpenAttribute','','','',1,'b312a/vac/plc-01/B312A_E06_DIA_DETC01_OPS','2024-05-07 10:13:59','2024-05-07 10:13:59',NULL),
       ('b312a-eh/dia/detc-01','FeedbackClosedAttribute','','','',1,'b312a/vac/plc-01/B312A_E06_DIA_DETC01_CLS','2024-05-07 10:14:06','2024-05-07 10:14:06',NULL),
       ('b312a-eh/dia/detc-01','OpenAttribute','','','',1,'b312a/vac/plc-01/B312A_E06_DIA_DETC01_OPC','2024-05-07 10:13:32','2024-05-07 10:13:32',NULL),
       ('b312a-eh/dia/detc-01','CloseAttribute','','','',1,'b312a/vac/plc-01/B312A_E06_DIA_DETC01_CLC','2024-05-07 10:13:45','2024-05-07 10:13:45',NULL),
       ('b312a/vac/plc-01','polled_attr','','','',1,'b312a_e06_dia_detc01_ops','2024-05-07 10:15:19','2024-05-07 10:15:19',NULL),
       ('dserver/VacPlc01/0','polling_threads_pool_conf','','','',1,'b312a/vac/plc-01','2024-05-07 10:15:02','2024-05-07 10:15:02',NULL),
       ('b312a/vac/plc-01','polled_attr','','','',2,'3000','2024-05-07 10:15:19','2024-05-07 10:15:19',NULL),
       ('b312a/vac/plc-01','polled_attr','','','',3,'b312a_e06_dia_detc01_cls','2024-05-07 10:15:19','2024-05-07 10:15:19',NULL),
       ('b312a/vac/plc-01','polled_attr','','','',4,'3000','2024-05-07 10:15:19','2024-05-07 10:15:19',NULL),
       ('b312a-eh/dia/detc-02','FeedbackOpenAttribute','','','',1,'b312a/vac/plc-01/B312A_E06_DIA_DETC02_OPS','2024-05-07 10:28:42','2024-05-07 10:28:42',NULL),
       ('b312a-eh/dia/detc-02','FeedbackClosedAttribute','','','',1,'b312a/vac/plc-01/B312A_E06_DIA_DETC02_CLS','2024-05-07 10:28:56','2024-05-07 10:28:56',NULL),
       ('b312a-eh/dia/detc-02','OpenAttribute','','','',1,'b312a/vac/plc-01/B312A_E06_DIA_DETC02_OPC','2024-05-07 10:29:08','2024-05-07 10:29:08',NULL),
       ('b312a-eh/dia/detc-02','CloseAttribute','','','',1,'b312a/vac/plc-01/B312A_E06_DIA_DETC02_CLC','2024-05-07 10:29:19','2024-05-07 10:29:19',NULL),
       ('b312a/vac/plc-01','polled_attr','','','',5,'b312a_e06_dia_detc02_cls','2024-05-07 10:49:06','2024-05-07 10:49:06',NULL),
       ('b312a/vac/plc-01','polled_attr','','','',6,'3000','2024-05-07 10:49:06','2024-05-07 10:49:06',NULL),
       ('b312a/vac/plc-01','polled_attr','','','',7,'b312a_e06_dia_detc02_ops','2024-05-07 10:51:17','2024-05-07 10:51:17',NULL),
       ('b312a/vac/plc-01','polled_attr','','','',8,'3000','2024-05-07 10:51:17','2024-05-07 10:51:17',NULL),
       ('b312a-e06/dia/tabled-01-zi','axis','','','',1,'2','2024-05-28 14:09:38','2024-05-28 14:09:38',NULL),
       ('b312a-e06/dia/tabled-01-zi','ctrl_id','','','',1,'3','2024-05-28 14:09:38','2024-05-28 14:09:38',NULL),
       ('b312a-e06/dia/tabled-01-zi','id','','','',1,'5','2024-05-28 14:09:38','2024-05-28 14:09:38',NULL),
       ('b312a-e06/dia/tabled-01-zo','axis','','','',1,'3','2024-05-28 14:10:09','2024-05-28 14:10:09',NULL),
       ('b312a-e06/dia/tabled-01-zo','ctrl_id','','','',1,'3','2024-05-28 14:10:09','2024-05-28 14:10:09',NULL),
       ('b312a-e06/dia/tabled-01-zo','id','','','',1,'6','2024-05-28 14:10:09','2024-05-28 14:10:09',NULL),
       ('b312a-e11/las/lcu01','origin','','','',1,'http://localhost:8081','2025-02-17 10:35:09','2025-02-17 10:35:09',NULL);
